"Tanggal","Kategori","Jenis","Jumlah","Aset","Buku besar","Reimburse","Komentar"
"Agu 31 2026 21:37","Makanan","Pengeluaran","-16000","BCA","Bawaan","","Bakso"
"Agu 31 2026 21:37","Makanan","Pengeluaran","-10000","Uang tunai","Bawaan","","Batagor"
"Agu 31 2026 13:26","Kopi","Pengeluaran","-10000","BCA","Bawaan","","kantor"
"Agu 31 2026 08:48","Uang Gaib","Pengeluaran","-12000","Mandiri","Bawaan","",""
"Agu 31 2026 07:48","Makanan","Pengeluaran","-30000","BCA","Bawaan","+20000","Makan siang"
"Agu 30 2026 13:31","Travel","Pengeluaran","-3000","Emoney","Bawaan","",""
"Agu 30 2026 11:52","Minum","Pengeluaran","-5000","BCA","Bawaan","","jeruk nipis"
"Agu 30 2026 11:52","Rokok","Pengeluaran","-25000","BCA","Bawaan","","neslite"
"Agu 29 2026 22:53","Makanan","Pengeluaran","-12000","BCA","Bawaan","","Malam"
"Agu 29 2026 18:27","Kopi","Pengeluaran","-41000","BCA","Bawaan","","Kopikina"
"Agu 29 2026 16:31","Minum","Pengeluaran","-4000","Uang tunai","Bawaan","","galon isi ulang"
"Agu 29 2026 16:30","Makanan","Pengeluaran","-17000","BCA","Bawaan","","Sore"
"Agu 29 2026 13:37","Maintenance","Pengeluaran","-36000","BCA","Bawaan","","Top up gemini pro"
"Agu 28 2026 20:26","Makanan","Pengeluaran","-13000","BCA","Bawaan","","mie ayam"
"Agu 28 2026 20:25","Kopi","Pengeluaran","-32000","BCA","Bawaan","","Kopi"
"Agu 28 2026 15:43","Makanan","Pengeluaran","-17000","BCA","Bawaan","","warteg"
"Agu 28 2026 13:14","Makanan","Pengeluaran","-15000","BCA","Bawaan","","warteg siang"
"Agu 28 2026 12:59","Transfer","Pengeluaran","-30000","BCA","Bawaan","","Vina"
"Agu 27 2026 16:48","Travel","Pengeluaran","-3500","Emoney","Bawaan","","gambir juanda tj"
"Agu 27 2026 16:22","Rokok","Pengeluaran","-15000","Uang tunai","Bawaan","","set bungkus"
"Agu 27 2026 16:19","Travel","Pengeluaran","-3500","Emoney","Bawaan","",""
"Agu 27 2026 08:21","Makanan","Pengeluaran","-21000","BCA","Bawaan","","Pagi siang"
"Agu 26 2026 19:24","Makanan","Pengeluaran","-12000","BCA","Bawaan","","warteg malem"
"Agu 26 2026 11:32","Minum","Pengeluaran","-7000","BCA","Bawaan","","Susu oatmil"
"Agu 26 2026 07:52","Makanan","Pengeluaran","-26000","BCA","Bawaan","+7000","Pagi siang"
"Agu 25 2026 20:07","Makanan","Pengeluaran","-18000","BCA","Bawaan","","Naspad"
"Agu 25 2026 18:21","Makanan","Pengeluaran","-20000","BCA","Bawaan","","Siang ayam"
"Agu 25 2026 09:03","Travel","Pengeluaran","-7000","BCA","Bawaan","","Grabcar"
"Agu 24 2026 20:08","Travel","Pengeluaran","-4750","Emoney","Bawaan","","TJ"
"Agu 24 2026 18:22","Makanan","Pengeluaran","-50000","BCA","Bawaan","+25000","bakso"
"Agu 24 2026 18:22","Travel","Pengeluaran","-5000","Emoney","Bawaan","",""
"Agu 24 2026 16:04","Kopi","Pengeluaran","-12000","Uang tunai","Bawaan","",""
"Agu 24 2026 07:49","Makanan","Pengeluaran","-23000","BCA","Bawaan","","pagi siang"
"Agu 23 2026 19:09","Makanan","Pengeluaran","-20000","BCA","Bawaan","","Makan malam"
"Agu 23 2026 11:00","Belanja","Pengeluaran","-54000","BCA","Bawaan","","Stock mie"
"Agu 23 2026 10:44","Makanan","Pengeluaran","-16000","Mandiri","Bawaan","","Warteg pagi"
"Agu 22 2026 15:32","Makanan","Pengeluaran","-19000","Mandiri","Bawaan","","Wingstop"
"Agu 22 2026 15:23","Parkir","Pengeluaran","-1500","Uang tunai","Bawaan","",""
"Agu 22 2026 15:21","Minum","Pengeluaran","-5000","Uang tunai","Bawaan","","Es teh"
"Agu 22 2026 15:21","Makanan","Pengeluaran","-7000","Uang tunai","Bawaan","","Gehu pedas 2"
"Agu 22 2026 15:19","","Transfer","21000","Mandiri -> Emoney","Bawaan","",""
"Agu 22 2026 15:16","Belanja","Pengeluaran","-150000","BCA","Bawaan","","Handuk, payung, jam meja, mouse, baterai"
"Agu 22 2026 11:14","Maintenance","Pengeluaran","-52000","BCA","Bawaan","","Token listrik 33 kwh"
"Agu 22 2026 11:14","Makanan","Pengeluaran","-14000","Uang tunai","Bawaan","","Warteg pagi"
"Agu 21 2026 20:12","Makanan","Pengeluaran","-47000","BCA","Bawaan","","Claypot popo"
"Agu 21 2026 20:05","Travel","Pengeluaran","-8000","Emoney","Bawaan","","Blok A - Blok M"
"Agu 21 2026 18:06","Transfer","Pengeluaran","-14000","Emoney","Bawaan","","Juanda - Blok A"
"Agu 21 2026 16:39","Transfer","Pengeluaran","-50000","Line Bank","Bawaan","","Vina"
"Agu 21 2026 16:31","Minum","Pengeluaran","-28000","BCA","Bawaan","","Teazzy"
"Agu 21 2026 16:30","","Transfer","50000","BCA -> Uang tunai","Bawaan","",""
"Agu 21 2026 15:23","Travel","Pengeluaran","-4000","Uang tunai","Bawaan","","Manggarai - Juanda"
"Agu 21 2026 15:22","Makanan","Pengeluaran","-10000","Uang tunai","Bawaan","","dimsum"
"Agu 21 2026 13:33","","Transfer","25000","Mandiri -> Emoney","Bawaan","",""
"Agu 21 2026 13:32","Parkir","Pengeluaran","-7000","Emoney","Bawaan","","Parkir nako"
"Agu 21 2026 13:01","Makanan","Pengeluaran","-12000","Mandiri","Bawaan","","Warteg"
"Agu 20 2026 18:21","Rokok","Pengeluaran","-18000","BCA","Bawaan","","set bungkus"
"Agu 20 2026 17:53","","Transfer","83834","BCA -> Mandiri","Bawaan","",""
"Agu 20 2026 17:46","Kopi","Pengeluaran","-224400","BCA","Bawaan","+197502","kopi nako"
"Agu 20 2026 13:19","Transfer","Pengeluaran","-30000","Line Bank","Bawaan","+30000","Vina bensin"
"Agu 20 2026 08:29","Makanan","Pengeluaran","-13000","Mandiri","Bawaan","","makan siang"
"Agu 19 2026 19:16","Transfer","Pengeluaran","-296000","BCA","Bawaan","","Vina MySkill"
"Agu 19 2026 16:37","Travel","Pengeluaran","-3500","Emoney","Bawaan","",""
"Agu 19 2026 12:09","Makanan","Pengeluaran","-21000","Uang tunai","Bawaan","","pagi siang"
"Agu 19 2026 07:22","Transfer","Pengeluaran","-15000","Uang tunai","Bawaan","","Sigor"
"Agu 18 2026 20:41","Kopi","Pengeluaran","-10000","Uang tunai","Bawaan","","kopi kantin"
"Agu 18 2026 20:24","Travel","Pengeluaran","-3500","Emoney","Bawaan","","TJ"
"Agu 18 2026 20:24","","Transfer","27500","BCA -> Emoney","Bawaan","",""
"Agu 18 2026 20:22","Belanja","Pengeluaran","-45000","BCA","Bawaan","","Ember"
"Agu 18 2026 20:20","Uang Gaib","Pengeluaran","-14000","Uang tunai","Bawaan","",""
"Agu 18 2026 20:18","Makanan","Pengeluaran","-20000","Uang tunai","Bawaan","","Nasgor"
"Agu 18 2026 12:16","Makanan","Pengeluaran","-23000","Uang tunai","Bawaan","","pagi siang warteg"
"Agu 17 2026 20:23","Makanan","Pengeluaran","-15000","Uang tunai","Bawaan","","ketoprak"
"Agu 17 2026 18:16","Kopi","Pengeluaran","-8000","Uang tunai","Bawaan","","Kopi jago"
"Agu 17 2026 12:32","B. Want","Pengeluaran","-24000","Mandiri","Bawaan","","Laundry 3kg"
"Agu 17 2026 12:32","Makanan","Pengeluaran","-26000","Uang tunai","Bawaan","","Pecel"
"Agu 17 2026 12:31","Rokok","Pengeluaran","-24000","Uang tunai","Bawaan","","Black macha + kopi"
"Agu 16 2026 19:12","Travel","Pengeluaran","-18500","Mandiri","Bawaan","","Grab"
"Agu 16 2026 19:12","Travel","Pengeluaran","-15500","Mandiri","Bawaan","","Grab"
"Agu 16 2026 09:35","Makanan","Pengeluaran","-12000","Uang tunai","Bawaan","","bubur"
"Agu 15 2026 19:26","Travel","Pengeluaran","-27000","Mandiri","Bawaan","","Grab"
"Agu 15 2026 18:13","Belanja","Pengeluaran","-120000","BCA","Bawaan","","Seprai kasur"
"Agu 15 2026 13:32","Travel","Pengeluaran","-24500","Mandiri","Bawaan","",""
"Agu 15 2026 08:58","Makanan","Pengeluaran","-12000","Uang tunai","Bawaan","","Bubur"
"Agu 14 2026 23:48","Travel","Pengeluaran","-15000","Mandiri","Bawaan","","Grab"
"Agu 14 2026 20:29","Kopi","Pengeluaran","-32000","Mandiri","Bawaan","","Kopi Nako"
"Agu 14 2026 13:47","Belanja","Pengeluaran","-7500","Uang tunai","Bawaan","","Cutton bud"
"Agu 14 2026 13:47","Makanan","Pengeluaran","-11000","Uang tunai","Bawaan","","Warteg"
"Agu 14 2026 13:47","Makanan","Pengeluaran","-10000","Uang tunai","Bawaan","","Warteg"
"Agu 14 2026 13:47","Rokok","Pengeluaran","-17000","Uang tunai","Bawaan","","Black macha"
"Agu 13 2026 20:15","Belanja","Pengeluaran","-59500","Mandiri","Bawaan","","Stok makanan"
"Agu 13 2026 18:10","Makanan","Pengeluaran","-15000","Uang tunai","Bawaan","","Sigor"
"Agu 13 2026 18:10","Belanja","Pengeluaran","-6000","Uang tunai","Bawaan","","Kantong belanja"
"Agu 13 2026 18:09","Belanja","Pengeluaran","-98500","Mandiri","Bawaan","","Parabot"
"Agu 13 2026 13:04","Belanja","Pengeluaran","-12500","BCA","Bawaan","","Nama dada"
"Agu 13 2026 08:19","Makanan","Pengeluaran","-15000","Uang tunai","Bawaan","","warteg"
"Agu 12 2026 21:31","Transfer","Pengeluaran","-58500","BCA","Bawaan","","Charger, sabun mim"
"Agu 12 2026 21:20","Makanan","Pengeluaran","-15000","Uang tunai","Bawaan","","Sigor"
"Agu 12 2026 19:22","Maintenance","Pengeluaran","-70000","Mandiri","Bawaan","","Cukurr"
"Agu 12 2026 12:37","Makanan","Pengeluaran","-23000","Mandiri","Bawaan","","ayam goreng"
"Agu 12 2026 07:29","Makanan","Pengeluaran","-15000","Uang tunai","Bawaan","","Warteg"
"Agu 11 2026 23:35","Belanja","Pengeluaran","-3700000","BCA","Bawaan","","Samsung A17 LTE"
"Agu 11 2026 23:34","Kuota","Pengeluaran","-8000","Mandiri","Bawaan","","Tri"
"Agu 11 2026 23:33","Travel","Pengeluaran","-15500","Mandiri","Bawaan","","Gojek"
"Agu 11 2026 23:32","Travel","Pengeluaran","-16000","Uang tunai","Bawaan","","Gojek"
"Agu 11 2026 23:32","Makanan","Pengeluaran","-25000","Uang tunai","Bawaan","","Pecel lele"
"Agu 11 2026 23:32","Makanan","Pengeluaran","-33000","Uang tunai","Bawaan","","Kantin Kantor"
"Agu 11 2026 07:28","Makanan","Pengeluaran","-15000","Uang tunai","Bawaan","","Warteg"
"Agu 10 2026 07:28","Minum","Pengeluaran","-23000","Uang tunai","Bawaan","","Galon"
"Agu 10 2026 07:27","Makanan","Pengeluaran","-13000","Uang tunai","Bawaan","","Warteg"
"Agu 10 2026 06:30","Uang Gaib","Pengeluaran","-30000","Mandiri","Bawaan","",""
"Agu 10 2026 06:17","Uang Gaib","Pengeluaran","-17000","Uang tunai","Bawaan","",""
"Agu 10 2026 06:07","","Transfer","500000","Mandiri -> Uang tunai","Bawaan","",""
"Agu 09 2026 06:33","Belanja","Pengeluaran","-134000","BCA","Bawaan","","Indomaret"
"Agu 09 2026 06:33","Belanja","Pengeluaran","-126000","BCA","Bawaan","","Setrika"
"Agu 09 2026 06:32","Belanja","Pengeluaran","-315500","BCA","Bawaan","","Belanja"
"Agu 09 2026 06:24","Rokok","Pengeluaran","-150000","Mandiri","Bawaan","","liquid carridge"
"Agu 09 2026 06:21","Travel","Pengeluaran","-30500","Mandiri","Bawaan","","Gocar"
"Agu 09 2026 06:20","Minum","Pengeluaran","-34000","Mandiri","Bawaan","","Jus"
"Agu 09 2026 06:20","Makanan","Pengeluaran","-24000","Mandiri","Bawaan","","Lotek"
"Agu 09 2026 06:19","Travel","Pengeluaran","-132000","Mandiri","Bawaan","","Bandung Grogol"
"Agu 09 2026 06:18","Transfer","Pengeluaran","-52500","Mandiri","Bawaan","","Vina ban"
"Agu 09 2026 06:14","Parkir","Pengeluaran","-8000","Uang tunai","Bawaan","",""
"Agu 09 2026 06:13","Makanan","Pengeluaran","-10000","Uang tunai","Bawaan","","Gorengan"
"Agu 09 2026 06:12","Makanan","Pengeluaran","-13000","Uang tunai","Bawaan","","Geprek"
"Agu 08 2026 23:53","Admin","Pengeluaran","-14000","BCA","Bawaan","",""
"Agu 08 2026 23:52","Rokok","Pengeluaran","-19000","Mandiri","Bawaan","","1 bungkus"
"Agu 08 2026 20:54","Pacaran","Pengeluaran","-113000","Mandiri","Bawaan","","Bakso"
"Agu 08 2026 20:51","Belanja","Pengeluaran","-2390000","BCA","Bawaan","","Kosan"
"Agu 08 2026 20:51","Belanja","Pengeluaran","-225000","BCA","Bawaan","","Kemeja putih"
"Agu 08 2026 20:50","Belanja","Pengeluaran","-300000","BCA","Bawaan","","Sepatu pantofel"
"Agu 08 2026 20:49","Uang Jajan","Pendapatan","+10000000","BCA","Bawaan","",""
"Agu 08 2026 06:28","Pacaran","Pengeluaran","-35000","Mandiri","Bawaan","","Ciscuit"
"Agu 08 2026 06:27","Rokok","Pengeluaran","-19000","Mandiri","Bawaan","","Rokok"
"Agu 08 2026 06:07","Bensin ","Pengeluaran","-20000","Uang tunai","Bawaan","",""
"Agu 07 2026 15:27","Transfer","Pengeluaran","-21200","Mandiri","Bawaan","","Vina bakso"
"Agu 06 2026 22:05","Transfer","Pengeluaran","-32500","Mandiri","Bawaan","","Vina bensin"
"Agu 06 2026 22:05","Berbagi","Pengeluaran","-200000","Uang tunai","Bawaan","","Mamah"
"Agu 06 2026 22:04","","Transfer","500000","Uang tunai -> Arisan RT","Bawaan","",""
"Agu 05 2026 20:52","Rokok","Pengeluaran","-7500","Uang tunai","Bawaan","","3 btng"
"Agu 05 2026 20:52","Makanan","Pengeluaran","-10000","Uang tunai","Bawaan","","Ayam abb"
"Agu 05 2026 20:50","Makanan","Pengeluaran","-12500","Uang tunai","Bawaan","","Mie chiki borma"
"Agu 05 2026 20:50","","Transfer","750000","Mandiri -> Uang tunai","Bawaan","",""
"Agu 04 2026 12:26","Uang Gaib","Pengeluaran","-4000","Mandiri","Bawaan","",""
"Agu 04 2026 12:25","Kesehatan","Pengeluaran","-35000","Mandiri","Bawaan","","Bpjs"
"Agu 04 2026 12:03","Transfer","Pengeluaran","-16200","Mandiri","Bawaan","","Vina"
"Agu 03 2026 20:58","B. Want","Pengeluaran","-80600","Mandiri","Bawaan","","Casing Nintendo Switch"
"Agu 03 2026 16:32","Transfer","Pengeluaran","-16200","Mandiri","Bawaan","","TF Vina"
"Agu 02 2026 17:51","Kuota","Pengeluaran","-75000","Mandiri","Bawaan","","33gb 30hr"
"Agu 02 2026 17:40","","Transfer","1163500","Mandiri -> Line Bank","Bawaan","",""
"Agu 02 2026 17:39","Uang Gaib","Pengeluaran","-11500","Mandiri","Bawaan","",""
"Agu 02 2026 16:48","Pacaran","Pengeluaran","-135500","Mandiri","Bawaan","","Ichiyo ramen"
"Agu 02 2026 16:00","Pacaran","Pengeluaran","-24000","Mandiri","Bawaan","","Familymart"
"Agu 02 2026 12:05","Bensin ","Pengeluaran","-30000","Mandiri","Bawaan","",""
"Agu 02 2026 12:04","Pacaran","Pengeluaran","-35000","Mandiri","Bawaan","","Spageti Wow Paket"
"Agu 01 2026 17:37","Rokok","Pengeluaran","-31500","Mandiri","Bawaan","","Climax"
"Agu 01 2026 15:09","Gaji","Pendapatan","+4250000","Mandiri","Bawaan","",""
"Agu 01 2026 11:43","Berbagi","Pengeluaran","-152500","Mandiri","Bawaan","","Vina"
"Agu 01 2026 11:32","Makanan","Pengeluaran","-27300","Mandiri","Bawaan","","Abb paket 3"
"Jul 30 2026 19:56","Transfer","Pengeluaran","-10000","Line Bank","Bawaan","","tf vina"
"Jul 30 2026 19:56","Kopi","Pengeluaran","-43000","Line Bank","Bawaan","","Smiljan"
"Jul 30 2026 19:55","Bensin ","Pengeluaran","-20000","Line Bank","Bawaan","","Pertamax 92"
"Jul 30 2026 19:55","Makanan","Pengeluaran","-10000","Line Bank","Bawaan","","Siomay"
"Jul 30 2026 17:22","Transfer","Pengeluaran","-20000","Line Bank","Bawaan","","Salwa"
"Jul 26 2026 08:31","Bensin ","Pengeluaran","-30000","Uang tunai","Bawaan","","Pertamax"
"Jul 26 2026 08:29","Makanan","Pengeluaran","-62000","Line Bank","Bawaan","","Dlalapan"
"Jul 26 2026 08:28","Kopi","Pengeluaran","-53000","Line Bank","Bawaan","+16000","Kopi toko jaya"
"Jul 25 2026 08:27","Parkir","Pengeluaran","-3500","Uang tunai","Bawaan","",""
"Jul 25 2026 08:27","Makanan","Pengeluaran","-5000","Uang tunai","Bawaan","","Batagor"
"Jul 24 2026 11:06","Perhewanan","Pengeluaran","-5000","Uang tunai","Bawaan","","Jangkrik"
"Jul 24 2026 11:05","Perhewanan","Pengeluaran","-9500","Uang tunai","Bawaan","","Wet Food Ibo"
"Jul 24 2026 11:05","","Transfer","50000","Line Bank -> Uang tunai","Bawaan","",""
"Jul 23 2026 10:46","Bensin ","Pengeluaran","-30000","Line Bank","Bawaan","",""
"Jul 23 2026 10:14","Transfer","Pengeluaran","-10000","Line Bank","Bawaan","","TF Vina"
"Jul 22 2026 12:35","Makanan","Pengeluaran","-27000","Line Bank","Bawaan","","Warteg Kantor"
"Jul 22 2026 10:14","Makanan","Pengeluaran","-10000","Line Bank","Bawaan","","Batagor Kuah"
"Jul 20 2026 09:06","B. Want","Pengeluaran","-27500","Mandiri","Bawaan","","Alat mandi"
"Jul 19 2026 17:08","Kopi","Pengeluaran","-38000","Mandiri","Bawaan","+18000",""
"Jul 19 2026 17:08","Bensin ","Pengeluaran","-30000","Mandiri","Bawaan","",""
"Jul 19 2026 09:06","Makanan","Pengeluaran","-42500","Mandiri","Bawaan","","Ayam Sambel Mangga"
"Jul 17 2026 19:50","Rokok","Pengeluaran","-30000","Mandiri","Bawaan","+15000","Climax"
"Jul 17 2026 19:49","Kopi","Pengeluaran","-55200","Mandiri","Bawaan","+20000","Kozi"
"Jul 17 2026 12:54","Rokok","Pengeluaran","-9000","Mandiri","Bawaan","","3 btg"
"Jul 16 2026 16:45","Makanan","Pengeluaran","-7000","Uang tunai","Bawaan","","Cimin"
"Jul 16 2026 16:45","Perhewanan","Pengeluaran","-10000","Uang tunai","Bawaan","","Tanaman"
"Jul 16 2026 16:45","Perhewanan","Pengeluaran","-36000","Mandiri","Bawaan","","mandi hamster dan dolomit"
"Jul 16 2026 08:15","B. Want","Pengeluaran","-354000","Mandiri","Bawaan","","Joycon Aolion J20"
"Jul 15 2026 17:52","Bensin ","Pengeluaran","-30000","Mandiri","Bawaan","",""
"Jul 14 2026 20:51","Makanan","Pengeluaran","-42500","Mandiri","Bawaan","+20000","Kebab 88"
"Jul 14 2026 16:07","Rokok","Pengeluaran","-4000","Uang tunai","Bawaan","","Rokok 2 btng"
"Jul 14 2026 08:14","Makanan","Pengeluaran","-7000","Uang tunai","Bawaan","","Popmie"
"Jul 13 2026 22:16","Makanan","Pengeluaran","-18000","Uang tunai","Bawaan","","Bubur kacang"
"Jul 13 2026 22:16","Makanan","Pengeluaran","-5000","Uang tunai","Bawaan","","Batagor"
"Jul 13 2026 22:16","Makanan","Pengeluaran","-22000","Uang tunai","Bawaan","","Warteg"
"Jul 13 2026 08:23","Kesehatan","Pengeluaran","-35000","Mandiri","Bawaan","","BPJS"
"Jul 13 2026 08:15","Uang Gaib","Pengeluaran","-11000","Uang tunai","Bawaan","",""
"Jul 13 2026 08:13","Minum","Pengeluaran","-9000","Uang tunai","Bawaan","","Kelapa"
"Jul 11 2026 18:31","Hiburan","Pengeluaran","-40000","Uang tunai","Bawaan","","Tiket manglayang"
"Jul 11 2026 18:31","Hiburan","Pengeluaran","-20000","Uang tunai","Bawaan","","Kelapa"
"Jul 11 2026 08:15","Hiburan","Pengeluaran","-20000","Mandiri","Bawaan","","Pt. Tenda"
"Jul 11 2026 08:12","Hiburan","Pengeluaran","-52500","Mandiri","Bawaan","","Pt. Makanan"
"Jul 11 2026 08:11","Hiburan","Pengeluaran","-4100","Uang tunai","Bawaan","","Goib"
"Jul 10 2026 21:23","Hiburan","Pengeluaran","-35500","Mandiri","Bawaan","","Rokok sebungkus"
"Jul 10 2026 21:23","Hiburan","Pengeluaran","-4000","Uang tunai","Bawaan","","Gday"
"Jul 10 2026 21:23","Hiburan","Pengeluaran","-68400","Uang tunai","Bawaan","","Belanja camp"
"Jul 10 2026 21:22","","Transfer","200000","Mandiri -> Uang tunai","Bawaan","",""
"Jul 10 2026 20:04","Uang Gaib","Pengeluaran","-43000","Mandiri","Bawaan","",""
"Jul 10 2026 18:43","Transfer","Pengeluaran","-22500","Mandiri","Bawaan","","Vina"
"Jul 10 2026 18:43","Makanan","Pengeluaran","-13000","Mandiri","Bawaan","","Abb"
"Jul 10 2026 18:42","Bensin ","Pengeluaran","-30000","Mandiri","Bawaan","",""
"Jul 10 2026 18:42","Makanan","Pengeluaran","-10000","Mandiri","Bawaan","","Popmie"
"Jul 09 2026 20:04","Makanan","Pengeluaran","-5000","Uang tunai","Bawaan","","Cilok"
"Jul 08 2026 08:33","Rokok","Pengeluaran","-30000","Mandiri","Bawaan","+15000","Klimaks"
"Jul 07 2026 18:40","Transfer","Pengeluaran","-1000000","Line Bank","Bawaan","+0","Ayah"
"Jul 07 2026 18:37","Rokok","Pengeluaran","-9000","Mandiri","Bawaan","","3 btng"
"Jul 05 2026 21:35","Bensin ","Pengeluaran","-25000","Mandiri","Bawaan","",""
"Jul 05 2026 19:47","Makanan","Pengeluaran","-59000","Mandiri","Bawaan","","Dlalapan"
"Jul 05 2026 19:47","Kopi","Pengeluaran","-49000","Mandiri","Bawaan","+26000","Couvee"
"Jul 04 2026 15:59","Admin","Pengeluaran","-15000","BCA","Bawaan","",""
"Jul 04 2026 13:23","Makanan","Pengeluaran","-27500","Mandiri","Bawaan","","Abb"
"Jul 04 2026 13:23","Bensin ","Pengeluaran","-30000","Mandiri","Bawaan","",""
"Jul 03 2026 22:21","Makanan","Pengeluaran","-7000","Mandiri","Bawaan","","Batagor"
"Jul 03 2026 22:21","Rokok","Pengeluaran","-32000","Mandiri","Bawaan","+16000","Climax"
"Jul 03 2026 16:11","Kuota","Pengeluaran","-100000","Mandiri","Bawaan","","57gb 30hr"
"Jul 02 2026 21:12","Rokok","Pengeluaran","-5000","Uang tunai","Bawaan","","2 btng"
"Jul 02 2026 12:14","Makanan","Pengeluaran","-21000","Mandiri","Bawaan","","Warteg"
"Jul 02 2026 12:14","Rokok","Pengeluaran","-6000","Uang tunai","Bawaan","","2 Btng"
"Jul 01 2026 23:24","Kosmetik","Pengeluaran","-55000","Mandiri","Bawaan","","Cukur"
"Jul 01 2026 17:57","Berbagi","Pengeluaran","-500000","Mandiri","Bawaan","","Tf mamah, ayah, salwa, aisha"
"Jul 01 2026 17:57","","Transfer","500000","Mandiri -> Arisan RT","Bawaan","","Arisan"
"Jul 01 2026 17:52","Makanan","Pengeluaran","-15000","Uang tunai","Bawaan","","Bakso"
"Jul 01 2026 17:52","Belanja","Pengeluaran","-22500","Uang tunai","Bawaan","","Sabun dan tisu"
"Jul 01 2026 17:51","","Transfer","50000","Mandiri -> Uang tunai","Bawaan","",""
"Jul 01 2026 14:36","Belanja","Pengeluaran","-45500","Mandiri","Bawaan","","Sampo & deo"
"Jul 01 2026 14:08","Gaji","Pendapatan","+4250000","Mandiri","Bawaan","",""
"Jul 01 2026 12:52","Makanan","Pengeluaran","-26500","Mandiri","Bawaan","","Warteg"
"Jul 01 2026 09:09","Berbagi","Pengeluaran","-50000","Line Bank","Bawaan","","Tf Neng"
"Jul 01 2026 09:06","Berbagi","Pengeluaran","-100000","Line Bank","Bawaan","","Tf Vina"
"Jul 01 2026 09:02","","Transfer","102500","Mandiri -> Line Bank","Bawaan","",""
"Jul 01 2026 08:58","","Transfer","1485500","Mandiri -> Line Bank","Bawaan","","Nabung"
"Jul 01 2026 08:57","Admin","Pengeluaran","-12000","Mandiri","Bawaan","",""
